Unnamed: 0,company_name,dc_date,dc_daily_count
9520,Basic Bank Limited,2024-04-19,1506
8833,Basic Bank Limited,2021-06-15,72
9522,Basic Bank Limited,2024-04-22,11953
9262,Basic Bank Limited,2023-04-21,1
9162,Basic Bank Limited,2022-06-28,23
9176,Basic Bank Limited,2022-07-19,40
8734,Basic Bank Limited,2020-09-16,2
8924,Basic Bank Limited,2021-09-14,84
9194,Basic Bank Limited,2022-10-11,20
9229,Basic Bank Limited,2023-01-30,3
9165,Basic Bank Limited,2022-07-03,39
9495,Basic Bank Limited,2024-03-14,13308
9217,Basic Bank Limited,2023-01-05,1
9529,Basic Bank Limited,2024-04-30,13596
9276,Basic Bank Limited,2023-06-06,1
9063,Basic Bank Limited,2022-01-31,68
9233,Basic Bank Limited,2023-02-08,2
9302,Basic Bank Limited,2023-08-02,12131
9225,Basic Bank Limited,2023-01-19,2
9182,Basic Bank Limited,2022-07-27,52
9100,Basic Bank Limited,2022-03-27,65
9336,Basic Bank Limited,2023-09-08,753
8811,Basic Bank Limited,2021-05-23,31
8880,Basic Bank Limited,2021-08-01,18
9125,Basic Bank Limited,2022-05-05,16
8950,Basic Bank Limited,2021-10-10,57
9533,Basic Bank Limited,2024-05-06,13809
9093,Basic Bank Limited,2022-03-15,48
9084,Basic Bank Limited,2022-03-02,33
9411,Basic Bank Limited,2023-12-01,5159
9041,Basic Bank Limited,2022-01-09,57
8865,Basic Bank Limited,2021-07-17,19
9160,Basic Bank Limited,2022-06-26,24
8986,Basic Bank Limited,2021-11-15,46
9255,Basic Bank Limited,2023-04-02,2
8787,Basic Bank Limited,2021-04-29,41
9239,Basic Bank Limited,2023-02-25,1
9419,Basic Bank Limited,2023-12-09,1488
9257,Basic Bank Limited,2023-04-08,1
9472,Basic Bank Limited,2024-02-13,12056
9164,Basic Bank Limited,2022-06-30,23
8936,Basic Bank Limited,2021-09-26,240
9320,Basic Bank Limited,2023-08-20,11570
9315,Basic Bank Limited,2023-08-15,1316
9038,Basic Bank Limited,2022-01-06,77
9064,Basic Bank Limited,2022-02-01,38
9157,Basic Bank Limited,2022-06-21,38
8792,Basic Bank Limited,2021-05-04,62
8931,Basic Bank Limited,2021-09-21,198
9372,Basic Bank Limited,2023-10-20,1535
9342,Basic Bank Limited,2023-09-15,1242
9314,Basic Bank Limited,2023-08-14,11190
9161,Basic Bank Limited,2022-06-27,22
9177,Basic Bank Limited,2022-07-20,37
9334,Basic Bank Limited,2023-09-06,2376
9226,Basic Bank Limited,2023-01-20,1
9375,Basic Bank Limited,2023-10-23,7559
9366,Basic Bank Limited,2023-10-14,1332
9493,Basic Bank Limited,2024-03-12,11930
9348,Basic Bank Limited,2023-09-21,10511
9066,Basic Bank Limited,2022-02-03,23
9566,Basic Bank Limited,2024-06-16,5178
8822,Basic Bank Limited,2021-06-03,58
9534,Basic Bank Limited,2024-05-07,11859
8913,Basic Bank Limited,2021-09-03,2
9188,Basic Bank Limited,2022-08-04,40
9232,Basic Bank Limited,2023-02-06,2
9478,Basic Bank Limited,2024-02-19,12304
8890,Basic Bank Limited,2021-08-11,59
8801,Basic Bank Limited,2021-05-13,18
9051,Basic Bank Limited,2022-01-19,61
8863,Basic Bank Limited,2021-07-15,160
8776,Basic Bank Limited,2021-04-18,38
9329,Basic Bank Limited,2023-08-30,10448
8802,Basic Bank Limited,2021-05-14,12
9168,Basic Bank Limited,2022-07-06,72
9540,Basic Bank Limited,2024-05-13,12467
9130,Basic Bank Limited,2022-05-12,49
9083,Basic Bank Limited,2022-03-01,45
9286,Basic Bank Limited,2023-07-03,2
8971,Basic Bank Limited,2021-10-31,64
8867,Basic Bank Limited,2021-07-19,44
8814,Basic Bank Limited,2021-05-26,24
8897,Basic Bank Limited,2021-08-18,56
8896,Basic Bank Limited,2021-08-17,79
8760,Basic Bank Limited,2021-04-02,3
9399,Basic Bank Limited,2023-11-19,11479
8925,Basic Bank Limited,2021-09-15,145
9136,Basic Bank Limited,2022-05-23,26
9197,Basic Bank Limited,2022-11-15,2
9082,Basic Bank Limited,2022-02-28,30
8872,Basic Bank Limited,2021-07-24,13
8905,Basic Bank Limited,2021-08-26,143
8738,Basic Bank Limited,2021-01-10,10
9289,Basic Bank Limited,2023-07-18,97
9074,Basic Bank Limited,2022-02-15,29
8805,Basic Bank Limited,2021-05-17,39
9471,Basic Bank Limited,2024-02-12,13246
9335,Basic Bank Limited,2023-09-07,13651
9468,Basic Bank Limited,2024-02-08,13338
8877,Basic Bank Limited,2021-07-29,39
8966,Basic Bank Limited,2021-10-26,59
8952,Basic Bank Limited,2021-10-12,81
9092,Basic Bank Limited,2022-03-14,50
9089,Basic Bank Limited,2022-03-09,29
8864,Basic Bank Limited,2021-07-16,12
9152,Basic Bank Limited,2022-06-14,28
9402,Basic Bank Limited,2023-11-22,9702
9547,Basic Bank Limited,2024-05-20,10718
8773,Basic Bank Limited,2021-04-15,105
9260,Basic Bank Limited,2023-04-15,1
8840,Basic Bank Limited,2021-06-22,58
9513,Basic Bank Limited,2024-04-12,1723
8788,Basic Bank Limited,2021-04-30,24
9023,Basic Bank Limited,2021-12-22,70
9048,Basic Bank Limited,2022-01-16,44
9574,Basic Bank Limited,2024-06-24,15117
8756,Basic Bank Limited,2021-03-29,39
9484,Basic Bank Limited,2024-02-26,8370
9126,Basic Bank Limited,2022-05-08,34
9222,Basic Bank Limited,2023-01-16,1
8783,Basic Bank Limited,2021-04-25,69
9568,Basic Bank Limited,2024-06-18,1367
9516,Basic Bank Limited,2024-04-15,12265
9353,Basic Bank Limited,2023-09-27,34
8996,Basic Bank Limited,2021-11-25,97
9505,Basic Bank Limited,2024-03-29,1949
9323,Basic Bank Limited,2023-08-23,5877
9405,Basic Bank Limited,2023-11-25,577
9214,Basic Bank Limited,2022-12-31,2
8750,Basic Bank Limited,2021-03-22,1
9350,Basic Bank Limited,2023-09-23,415
9567,Basic Bank Limited,2024-06-17,1294
8815,Basic Bank Limited,2021-05-27,30
8793,Basic Bank Limited,2021-05-05,74
9004,Basic Bank Limited,2021-12-03,12
9017,Basic Bank Limited,2021-12-16,8
9059,Basic Bank Limited,2022-01-27,54
9158,Basic Bank Limited,2022-06-22,28
9231,Basic Bank Limited,2023-02-01,1
8914,Basic Bank Limited,2021-09-04,7
9215,Basic Bank Limited,2023-01-03,1
9265,Basic Bank Limited,2023-04-29,1
8955,Basic Bank Limited,2021-10-15,9
9205,Basic Bank Limited,2022-12-06,4
9337,Basic Bank Limited,2023-09-09,673
9091,Basic Bank Limited,2022-03-13,52
9219,Basic Bank Limited,2023-01-09,2
9227,Basic Bank Limited,2023-01-23,1
9259,Basic Bank Limited,2023-04-12,1
8908,Basic Bank Limited,2021-08-29,45
9311,Basic Bank Limited,2023-08-11,5854
9494,Basic Bank Limited,2024-03-13,11771
8895,Basic Bank Limited,2021-08-16,70
8980,Basic Bank Limited,2021-11-09,46
9283,Basic Bank Limited,2023-06-28,1
9487,Basic Bank Limited,2024-03-02,3960
8806,Basic Bank Limited,2021-05-18,40
8845,Basic Bank Limited,2021-06-27,78
9218,Basic Bank Limited,2023-01-07,1
9185,Basic Bank Limited,2022-08-01,23
8836,Basic Bank Limited,2021-06-18,9
8846,Basic Bank Limited,2021-06-28,67
9420,Basic Bank Limited,2023-12-10,14756
8824,Basic Bank Limited,2021-06-05,9
9357,Basic Bank Limited,2023-10-04,1646
8821,Basic Bank Limited,2021-06-02,55
9068,Basic Bank Limited,2022-02-07,32
9281,Basic Bank Limited,2023-06-24,1
9517,Basic Bank Limited,2024-04-16,13858
9528,Basic Bank Limited,2024-04-29,13265
9427,Basic Bank Limited,2023-12-18,11901
9261,Basic Bank Limited,2023-04-19,2
8826,Basic Bank Limited,2021-06-07,64
8743,Basic Bank Limited,2021-02-18,1
9128,Basic Bank Limited,2022-05-10,39
8775,Basic Bank Limited,2021-04-17,34
8774,Basic Bank Limited,2021-04-16,32
9061,Basic Bank Limited,2022-01-29,15
8899,Basic Bank Limited,2021-08-20,11
9490,Basic Bank Limited,2024-03-06,15066
9250,Basic Bank Limited,2023-03-23,2
9385,Basic Bank Limited,2023-11-05,11444
9440,Basic Bank Limited,2024-01-07,1141
8910,Basic Bank Limited,2021-08-31,69
9546,Basic Bank Limited,2024-05-19,13242
9304,Basic Bank Limited,2023-08-04,661
8909,Basic Bank Limited,2021-08-30,21
9318,Basic Bank Limited,2023-08-18,846
9453,Basic Bank Limited,2024-01-22,11694
9325,Basic Bank Limited,2023-08-25,1273
8989,Basic Bank Limited,2021-11-18,57
9579,Basic Bank Limited,2024-07-05,2210
9067,Basic Bank Limited,2022-02-06,18
9264,Basic Bank Limited,2023-04-25,1
8747,Basic Bank Limited,2021-03-07,4
8735,Basic Bank Limited,2020-10-22,5
9109,Basic Bank Limited,2022-04-07,48
8988,Basic Bank Limited,2021-11-17,54
9148,Basic Bank Limited,2022-06-08,31
9416,Basic Bank Limited,2023-12-06,14236
9112,Basic Bank Limited,2022-04-12,40
8954,Basic Bank Limited,2021-10-14,62
9577,Basic Bank Limited,2024-07-01,543
9149,Basic Bank Limited,2022-06-09,23
9382,Basic Bank Limited,2023-11-02,14694
9056,Basic Bank Limited,2022-01-24,43
9397,Basic Bank Limited,2023-11-17,1679
8741,Basic Bank Limited,2021-02-15,4
8981,Basic Bank Limited,2021-11-10,69
8754,Basic Bank Limited,2021-03-27,20
9088,Basic Bank Limited,2022-03-08,47
8953,Basic Bank Limited,2021-10-13,45
9312,Basic Bank Limited,2023-08-12,884
9467,Basic Bank Limited,2024-02-07,12819
9571,Basic Bank Limited,2024-06-21,5360
9519,Basic Bank Limited,2024-04-18,11137
9072,Basic Bank Limited,2022-02-13,12
9447,Basic Bank Limited,2024-01-15,13633
8935,Basic Bank Limited,2021-09-25,13
8969,Basic Bank Limited,2021-10-29,10
8825,Basic Bank Limited,2021-06-06,64
9180,Basic Bank Limited,2022-07-25,179
9137,Basic Bank Limited,2022-05-24,21
9429,Basic Bank Limited,2023-12-20,15257
9016,Basic Bank Limited,2021-12-15,62
8916,Basic Bank Limited,2021-09-06,56
9424,Basic Bank Limited,2023-12-15,1225
9450,Basic Bank Limited,2024-01-18,11434
8885,Basic Bank Limited,2021-08-06,10
8807,Basic Bank Limited,2021-05-19,37
9412,Basic Bank Limited,2023-12-02,3679
9263,Basic Bank Limited,2023-04-24,1
9009,Basic Bank Limited,2021-12-08,52
8800,Basic Bank Limited,2021-05-12,38
9277,Basic Bank Limited,2023-06-10,1
8920,Basic Bank Limited,2021-09-10,14
9003,Basic Bank Limited,2021-12-02,43
9439,Basic Bank Limited,2024-01-06,3078
9268,Basic Bank Limited,2023-05-07,2
8968,Basic Bank Limited,2021-10-28,48
8820,Basic Bank Limited,2021-06-01,48
9496,Basic Bank Limited,2024-03-15,2382
8849,Basic Bank Limited,2021-07-01,35
8857,Basic Bank Limited,2021-07-09,14
9435,Basic Bank Limited,2024-01-01,14537
9021,Basic Bank Limited,2021-12-20,72
8970,Basic Bank Limited,2021-10-30,17
8732,Basic Bank Limited,2019-01-16,1
9578,Basic Bank Limited,2024-07-04,15421
9163,Basic Bank Limited,2022-06-29,25
9477,Basic Bank Limited,2024-02-18,12816
9127,Basic Bank Limited,2022-05-09,38
9244,Basic Bank Limited,2023-03-10,2
8858,Basic Bank Limited,2021-07-10,15
9010,Basic Bank Limited,2021-12-09,58
9396,Basic Bank Limited,2023-11-16,15285
8848,Basic Bank Limited,2021-06-30,67
8960,Basic Bank Limited,2021-10-20,6
9531,Basic Bank Limited,2024-05-03,2148
9545,Basic Bank Limited,2024-05-18,1634
9506,Basic Bank Limited,2024-03-30,1402
9006,Basic Bank Limited,2021-12-05,60
9050,Basic Bank Limited,2022-01-18,43
9316,Basic Bank Limited,2023-08-16,14197
8876,Basic Bank Limited,2021-07-28,44
9343,Basic Bank Limited,2023-09-16,4159
9271,Basic Bank Limited,2023-05-14,1
9509,Basic Bank Limited,2024-04-07,2768
9417,Basic Bank Limited,2023-12-07,12530
9101,Basic Bank Limited,2022-03-28,57
9000,Basic Bank Limited,2021-11-29,73
9333,Basic Bank Limited,2023-09-05,10626
9039,Basic Bank Limited,2022-01-07,8
9155,Basic Bank Limited,2022-06-19,19
9042,Basic Bank Limited,2022-01-10,66
9300,Basic Bank Limited,2023-07-31,13065
8778,Basic Bank Limited,2021-04-20,49
9081,Basic Bank Limited,2022-02-27,34
9103,Basic Bank Limited,2022-03-30,48
9421,Basic Bank Limited,2023-12-12,12342
8993,Basic Bank Limited,2021-11-22,63
8927,Basic Bank Limited,2021-09-17,13
9586,Basic Bank Limited,2024-07-14,1991
9448,Basic Bank Limited,2024-01-16,13975
8839,Basic Bank Limited,2021-06-21,69
8791,Basic Bank Limited,2021-05-03,40
9367,Basic Bank Limited,2023-10-15,12570
9564,Basic Bank Limited,2024-06-14,2250
8832,Basic Bank Limited,2021-06-14,59
9175,Basic Bank Limited,2022-07-18,42
9317,Basic Bank Limited,2023-08-17,10557
9499,Basic Bank Limited,2024-03-18,15026
9349,Basic Bank Limited,2023-09-22,384
9238,Basic Bank Limited,2023-02-22,1
8911,Basic Bank Limited,2021-09-01,54
9036,Basic Bank Limited,2022-01-04,65
9210,Basic Bank Limited,2022-12-21,12
8789,Basic Bank Limited,2021-05-01,18
9556,Basic Bank Limited,2024-05-31,3590
8881,Basic Bank Limited,2021-08-02,49
8856,Basic Bank Limited,2021-07-08,41
9408,Basic Bank Limited,2023-11-28,12639
9474,Basic Bank Limited,2024-02-15,13325
8917,Basic Bank Limited,2021-09-07,88
9438,Basic Bank Limited,2024-01-05,1621
8782,Basic Bank Limited,2021-04-24,16
9073,Basic Bank Limited,2022-02-14,30
9178,Basic Bank Limited,2022-07-21,51
9576,Basic Bank Limited,2024-06-29,1770
9267,Basic Bank Limited,2023-05-05,1
9053,Basic Bank Limited,2022-01-21,5
9085,Basic Bank Limited,2022-03-03,29
9523,Basic Bank Limited,2024-04-23,9970
8874,Basic Bank Limited,2021-07-26,92
9202,Basic Bank Limited,2022-11-30,1
9102,Basic Bank Limited,2022-03-29,38
9542,Basic Bank Limited,2024-05-15,10898
8873,Basic Bank Limited,2021-07-25,63
9131,Basic Bank Limited,2022-05-16,36
8995,Basic Bank Limited,2021-11-24,112
9052,Basic Bank Limited,2022-01-20,65
8751,Basic Bank Limited,2021-03-24,2
8904,Basic Bank Limited,2021-08-25,91
9428,Basic Bank Limited,2023-12-19,10144
9044,Basic Bank Limited,2022-01-12,56
9122,Basic Bank Limited,2022-04-27,117
9530,Basic Bank Limited,2024-05-01,3993
8744,Basic Bank Limited,2021-02-22,7
9139,Basic Bank Limited,2022-05-26,26
9140,Basic Bank Limited,2022-05-29,29
9037,Basic Bank Limited,2022-01-05,38
9086,Basic Bank Limited,2022-03-06,20
8757,Basic Bank Limited,2021-03-30,9
9365,Basic Bank Limited,2023-10-13,1648
8901,Basic Bank Limited,2021-08-22,73
9270,Basic Bank Limited,2023-05-10,1
8770,Basic Bank Limited,2021-04-12,35
8907,Basic Bank Limited,2021-08-28,23
8977,Basic Bank Limited,2021-11-06,7
9030,Basic Bank Limited,2021-12-29,49
9444,Basic Bank Limited,2024-01-12,2027
9313,Basic Bank Limited,2023-08-13,6770
9383,Basic Bank Limited,2023-11-03,681
9465,Basic Bank Limited,2024-02-05,14772
8886,Basic Bank Limited,2021-08-07,9
9019,Basic Bank Limited,2021-12-18,12
9253,Basic Bank Limited,2023-03-28,2
8749,Basic Bank Limited,2021-03-21,2
8859,Basic Bank Limited,2021-07-11,27
9054,Basic Bank Limited,2022-01-22,7
8987,Basic Bank Limited,2021-11-16,50
9331,Basic Bank Limited,2023-09-02,180
9554,Basic Bank Limited,2024-05-28,9846
8922,Basic Bank Limited,2021-09-12,63
8847,Basic Bank Limited,2021-06-29,47
9266,Basic Bank Limited,2023-05-03,1
8912,Basic Bank Limited,2021-09-02,65
9033,Basic Bank Limited,2022-01-01,86
9388,Basic Bank Limited,2023-11-08,12846
9347,Basic Bank Limited,2023-09-20,8741
9358,Basic Bank Limited,2023-10-05,1482
9326,Basic Bank Limited,2023-08-26,6116
9307,Basic Bank Limited,2023-08-07,12543
9249,Basic Bank Limited,2023-03-21,2
9572,Basic Bank Limited,2024-06-22,1617
8777,Basic Bank Limited,2021-04-19,44
9518,Basic Bank Limited,2024-04-17,10016
8889,Basic Bank Limited,2021-08-10,75
9449,Basic Bank Limited,2024-01-17,10918
8903,Basic Bank Limited,2021-08-24,107
8748,Basic Bank Limited,2021-03-15,3
9243,Basic Bank Limited,2023-03-03,1
8780,Basic Bank Limited,2021-04-22,26
9560,Basic Bank Limited,2024-06-05,12711
9452,Basic Bank Limited,2024-01-20,1807
9247,Basic Bank Limited,2023-03-13,2
9327,Basic Bank Limited,2023-08-28,13163
9212,Basic Bank Limited,2022-12-24,2
9015,Basic Bank Limited,2021-12-14,66
9301,Basic Bank Limited,2023-08-01,11495
8957,Basic Bank Limited,2021-10-17,66
8758,Basic Bank Limited,2021-03-31,51
9404,Basic Bank Limited,2023-11-24,531
9169,Basic Bank Limited,2022-07-07,95
9096,Basic Bank Limited,2022-03-21,94
8961,Basic Bank Limited,2021-10-21,50
8769,Basic Bank Limited,2021-04-11,28
9555,Basic Bank Limited,2024-05-29,14894
9106,Basic Bank Limited,2022-04-04,17
9201,Basic Bank Limited,2022-11-27,1
9557,Basic Bank Limited,2024-06-01,1701
9459,Basic Bank Limited,2024-01-29,10206
9360,Basic Bank Limited,2023-10-07,674
8926,Basic Bank Limited,2021-09-16,121
9504,Basic Bank Limited,2024-03-26,8391
9470,Basic Bank Limited,2024-02-10,2135
9235,Basic Bank Limited,2023-02-13,1
9559,Basic Bank Limited,2024-06-04,12822
9445,Basic Bank Limited,2024-01-13,2074
9558,Basic Bank Limited,2024-06-03,14134
8894,Basic Bank Limited,2021-08-15,9
9392,Basic Bank Limited,2023-11-12,15038
8884,Basic Bank Limited,2021-08-05,66
9322,Basic Bank Limited,2023-08-22,8005
9338,Basic Bank Limited,2023-09-10,15183
9384,Basic Bank Limited,2023-11-04,720
8843,Basic Bank Limited,2021-06-25,22
8958,Basic Bank Limited,2021-10-18,52
9328,Basic Bank Limited,2023-08-29,9022
8835,Basic Bank Limited,2021-06-17,53
9153,Basic Bank Limited,2022-06-15,34
9151,Basic Bank Limited,2022-06-13,40
8851,Basic Bank Limited,2021-07-03,14
8785,Basic Bank Limited,2021-04-27,40
8883,Basic Bank Limited,2021-08-04,14
9135,Basic Bank Limited,2022-05-22,20
9538,Basic Bank Limited,2024-05-11,5818
8939,Basic Bank Limited,2021-09-29,296
9454,Basic Bank Limited,2024-01-23,10134
9390,Basic Bank Limited,2023-11-10,1583
8740,Basic Bank Limited,2021-02-04,3
9426,Basic Bank Limited,2023-12-17,11931
8768,Basic Bank Limited,2021-04-10,9
9184,Basic Bank Limited,2022-07-31,23
8985,Basic Bank Limited,2021-11-14,44
9035,Basic Bank Limited,2022-01-03,72
9376,Basic Bank Limited,2023-10-24,1463
9303,Basic Bank Limited,2023-08-03,10513
9345,Basic Bank Limited,2023-09-18,10710
9354,Basic Bank Limited,2023-10-01,68
8994,Basic Bank Limited,2021-11-23,45
9029,Basic Bank Limited,2021-12-28,41
9146,Basic Bank Limited,2022-06-06,48
8882,Basic Bank Limited,2021-08-03,55
9410,Basic Bank Limited,2023-11-30,15269
9489,Basic Bank Limited,2024-03-05,11558
9282,Basic Bank Limited,2023-06-26,6901
9220,Basic Bank Limited,2023-01-11,2
8879,Basic Bank Limited,2021-07-31,23
8878,Basic Bank Limited,2021-07-30,12
9355,Basic Bank Limited,2023-10-02,55
9526,Basic Bank Limited,2024-04-27,2802
9370,Basic Bank Limited,2023-10-18,10290
9080,Basic Bank Limited,2022-02-24,45
9195,Basic Bank Limited,2022-10-12,1
9057,Basic Bank Limited,2022-01-25,70
8918,Basic Bank Limited,2021-09-08,62
8855,Basic Bank Limited,2021-07-07,52
9460,Basic Bank Limited,2024-01-30,8345
9340,Basic Bank Limited,2023-09-13,9553
8875,Basic Bank Limited,2021-07-27,71
9549,Basic Bank Limited,2024-05-22,1879
8929,Basic Bank Limited,2021-09-19,115
9341,Basic Bank Limited,2023-09-14,10218
9011,Basic Bank Limited,2021-12-10,24
9025,Basic Bank Limited,2021-12-24,12
9132,Basic Bank Limited,2022-05-17,27
8854,Basic Bank Limited,2021-07-06,60
8915,Basic Bank Limited,2021-09-05,54
8934,Basic Bank Limited,2021-09-24,11
9170,Basic Bank Limited,2022-07-08,2
8978,Basic Bank Limited,2021-11-07,25
9147,Basic Bank Limited,2022-06-07,41
9488,Basic Bank Limited,2024-03-04,14627
8861,Basic Bank Limited,2021-07-13,58
9369,Basic Bank Limited,2023-10-17,10826
9134,Basic Bank Limited,2022-05-19,36
9469,Basic Bank Limited,2024-02-09,1809
9570,Basic Bank Limited,2024-06-20,8861
9510,Basic Bank Limited,2024-04-09,13979
8951,Basic Bank Limited,2021-10-11,59
9373,Basic Bank Limited,2023-10-21,5388
9512,Basic Bank Limited,2024-04-11,5767
9381,Basic Bank Limited,2023-10-31,13225
9515,Basic Bank Limited,2024-04-14,1481
9356,Basic Bank Limited,2023-10-03,84
9491,Basic Bank Limited,2024-03-08,1884
9389,Basic Bank Limited,2023-11-09,12438
9118,Basic Bank Limited,2022-04-21,20
9561,Basic Bank Limited,2024-06-07,1964
9241,Basic Bank Limited,2023-03-01,1
8999,Basic Bank Limited,2021-11-28,78
9436,Basic Bank Limited,2024-01-02,15230
9173,Basic Bank Limited,2022-07-14,37
9228,Basic Bank Limited,2023-01-29,1
8844,Basic Bank Limited,2021-06-26,10
8964,Basic Bank Limited,2021-10-24,45
9475,Basic Bank Limited,2024-02-16,5176
9339,Basic Bank Limited,2023-09-12,9761
9105,Basic Bank Limited,2022-04-03,18
8965,Basic Bank Limited,2021-10-25,56
9407,Basic Bank Limited,2023-11-27,13647
9049,Basic Bank Limited,2022-01-17,42
9380,Basic Bank Limited,2023-10-30,12600
9142,Basic Bank Limited,2022-05-31,60
9498,Basic Bank Limited,2024-03-17,1844
9090,Basic Bank Limited,2022-03-10,36
8990,Basic Bank Limited,2021-11-19,5
9359,Basic Bank Limited,2023-10-06,600
9364,Basic Bank Limited,2023-10-12,12408
9014,Basic Bank Limited,2021-12-13,77
9108,Basic Bank Limited,2022-04-06,21
9116,Basic Bank Limited,2022-04-19,33
8956,Basic Bank Limited,2021-10-16,12
9544,Basic Bank Limited,2024-05-17,1860
9581,Basic Bank Limited,2024-07-08,11472
9204,Basic Bank Limited,2022-12-05,1
9079,Basic Bank Limited,2022-02-23,32
9237,Basic Bank Limited,2023-02-15,2
9371,Basic Bank Limited,2023-10-19,11247
9575,Basic Bank Limited,2024-06-28,1669
9524,Basic Bank Limited,2024-04-24,9697
9527,Basic Bank Limited,2024-04-28,14538
9351,Basic Bank Limited,2023-09-24,9891
9462,Basic Bank Limited,2024-02-02,4084
9377,Basic Bank Limited,2023-10-27,2642
9455,Basic Bank Limited,2024-01-24,9810
9288,Basic Bank Limited,2023-07-15,1
9548,Basic Bank Limited,2024-05-21,12721
9309,Basic Bank Limited,2023-08-09,9493
8817,Basic Bank Limited,2021-05-29,12
8974,Basic Bank Limited,2021-11-03,33
8891,Basic Bank Limited,2021-08-12,69
9256,Basic Bank Limited,2023-04-06,2
8767,Basic Bank Limited,2021-04-09,5
9272,Basic Bank Limited,2023-05-16,1
8902,Basic Bank Limited,2021-08-23,61
9386,Basic Bank Limited,2023-11-06,15576
9464,Basic Bank Limited,2024-02-04,14369
9492,Basic Bank Limited,2024-03-09,1624
9562,Basic Bank Limited,2024-06-08,2031
8827,Basic Bank Limited,2021-06-08,59
9295,Basic Bank Limited,2023-07-25,9742
8972,Basic Bank Limited,2021-11-01,34
9306,Basic Bank Limited,2023-08-06,12004
9422,Basic Bank Limited,2023-12-13,10658
9192,Basic Bank Limited,2022-09-29,15
9285,Basic Bank Limited,2023-07-02,1
9481,Basic Bank Limited,2024-02-22,12406
8938,Basic Bank Limited,2021-09-28,337
9124,Basic Bank Limited,2022-04-30,3
9129,Basic Bank Limited,2022-05-11,34
9457,Basic Bank Limited,2024-01-27,2736
8949,Basic Bank Limited,2021-10-09,9
8736,Basic Bank Limited,2020-10-25,2
9374,Basic Bank Limited,2023-10-22,11141
9497,Basic Bank Limited,2024-03-16,5111
9344,Basic Bank Limited,2023-09-17,11188
9278,Basic Bank Limited,2023-06-11,2
9415,Basic Bank Limited,2023-12-05,12312
8830,Basic Bank Limited,2021-06-11,2
9305,Basic Bank Limited,2023-08-05,693
9138,Basic Bank Limited,2022-05-25,16
9234,Basic Bank Limited,2023-02-09,2
8779,Basic Bank Limited,2021-04-21,20
8764,Basic Bank Limited,2021-04-06,29
8932,Basic Bank Limited,2021-09-22,234
8866,Basic Bank Limited,2021-07-18,67
8759,Basic Bank Limited,2021-04-01,19
9483,Basic Bank Limited,2024-02-24,1689
8962,Basic Bank Limited,2021-10-22,8
9221,Basic Bank Limited,2023-01-15,2
9110,Basic Bank Limited,2022-04-10,27
9020,Basic Bank Limited,2021-12-19,21
9150,Basic Bank Limited,2022-06-12,28
9406,Basic Bank Limited,2023-11-26,14996
9123,Basic Bank Limited,2022-04-28,98
9324,Basic Bank Limited,2023-08-24,10571
9230,Basic Bank Limited,2023-01-31,1
8870,Basic Bank Limited,2021-07-22,6
8794,Basic Bank Limited,2021-05-06,62
9203,Basic Bank Limited,2022-12-01,1
9379,Basic Bank Limited,2023-10-29,11839
8860,Basic Bank Limited,2021-07-12,36
9565,Basic Bank Limited,2024-06-15,2728
9252,Basic Bank Limited,2023-03-27,1
8796,Basic Bank Limited,2021-05-08,20
8746,Basic Bank Limited,2021-03-04,3
8888,Basic Bank Limited,2021-08-09,53
8772,Basic Bank Limited,2021-04-14,105
9224,Basic Bank Limited,2023-01-18,3
9111,Basic Bank Limited,2022-04-11,30
8919,Basic Bank Limited,2021-09-09,49
8948,Basic Bank Limited,2021-10-08,8
8784,Basic Bank Limited,2021-04-26,67
9069,Basic Bank Limited,2022-02-08,36
9480,Basic Bank Limited,2024-02-21,5614
9451,Basic Bank Limited,2024-01-19,1524
9456,Basic Bank Limited,2024-01-26,7784
9027,Basic Bank Limited,2021-12-26,53
9433,Basic Bank Limited,2023-12-25,2285
8983,Basic Bank Limited,2021-11-12,5
9458,Basic Bank Limited,2024-01-28,13525
9193,Basic Bank Limited,2022-10-04,16
9187,Basic Bank Limited,2022-08-03,73
9584,Basic Bank Limited,2024-07-12,2050
9001,Basic Bank Limited,2021-11-30,87
8933,Basic Bank Limited,2021-09-23,181
8893,Basic Bank Limited,2021-08-14,11
9287,Basic Bank Limited,2023-07-09,1
9461,Basic Bank Limited,2024-01-31,13732
9133,Basic Bank Limited,2022-05-18,26
9434,Basic Bank Limited,2023-12-29,1154
9208,Basic Bank Limited,2022-12-19,1
9503,Basic Bank Limited,2024-03-23,2196
8837,Basic Bank Limited,2021-06-19,19
9297,Basic Bank Limited,2023-07-28,1158
9121,Basic Bank Limited,2022-04-26,68
8733,Basic Bank Limited,2019-05-02,1
9532,Basic Bank Limited,2024-05-04,1877
9293,Basic Bank Limited,2023-07-23,9846
8812,Basic Bank Limited,2021-05-24,70
8937,Basic Bank Limited,2021-09-27,322
8766,Basic Bank Limited,2021-04-08,27
9507,Basic Bank Limited,2024-04-05,4328
9240,Basic Bank Limited,2023-02-28,1
9159,Basic Bank Limited,2022-06-23,16
9186,Basic Bank Limited,2022-08-02,25
9098,Basic Bank Limited,2022-03-23,40
8823,Basic Bank Limited,2021-06-04,7
9071,Basic Bank Limited,2022-02-10,36
9296,Basic Bank Limited,2023-07-27,13125
9077,Basic Bank Limited,2022-02-20,23
9508,Basic Bank Limited,2024-04-06,4401
8973,Basic Bank Limited,2021-11-02,48
8745,Basic Bank Limited,2021-02-23,2
9047,Basic Bank Limited,2022-01-15,12
9332,Basic Bank Limited,2023-09-04,12845
9119,Basic Bank Limited,2022-04-24,41
9005,Basic Bank Limited,2021-12-04,12
8898,Basic Bank Limited,2021-08-19,44
9580,Basic Bank Limited,2024-07-06,3283
9378,Basic Bank Limited,2023-10-28,1546
9216,Basic Bank Limited,2023-01-04,4
9569,Basic Bank Limited,2024-06-19,8957
9236,Basic Bank Limited,2023-02-14,1
8975,Basic Bank Limited,2021-11-04,50
9298,Basic Bank Limited,2023-07-29,279
9294,Basic Bank Limited,2023-07-24,9133
9418,Basic Bank Limited,2023-12-08,1528
8921,Basic Bank Limited,2021-09-11,14
9514,Basic Bank Limited,2024-04-13,1757
9431,Basic Bank Limited,2023-12-23,1493
9207,Basic Bank Limited,2022-12-15,1
9413,Basic Bank Limited,2023-12-03,14640
9242,Basic Bank Limited,2023-03-02,1
8790,Basic Bank Limited,2021-05-02,35
9206,Basic Bank Limited,2022-12-12,1
9292,Basic Bank Limited,2023-07-22,5110
9479,Basic Bank Limited,2024-02-20,11670
8984,Basic Bank Limited,2021-11-13,11
8753,Basic Bank Limited,2021-03-26,42
9045,Basic Bank Limited,2022-01-13,70
9191,Basic Bank Limited,2022-08-17,1
8892,Basic Bank Limited,2021-08-13,17
9008,Basic Bank Limited,2021-12-07,52
8923,Basic Bank Limited,2021-09-13,64
9117,Basic Bank Limited,2022-04-20,34
9537,Basic Bank Limited,2024-05-10,2005
9145,Basic Bank Limited,2022-06-05,19
9223,Basic Bank Limited,2023-01-17,1
9075,Basic Bank Limited,2022-02-16,54
9501,Basic Bank Limited,2024-03-20,11865
9040,Basic Bank Limited,2022-01-08,13
9393,Basic Bank Limited,2023-11-13,12989
8862,Basic Bank Limited,2021-07-14,119
9395,Basic Bank Limited,2023-11-15,10569
8831,Basic Bank Limited,2021-06-13,82
9104,Basic Bank Limited,2022-03-31,30
8819,Basic Bank Limited,2021-05-31,58
9190,Basic Bank Limited,2022-08-08,30
9062,Basic Bank Limited,2022-01-30,58
8946,Basic Bank Limited,2021-10-06,56
9198,Basic Bank Limited,2022-11-20,1
8853,Basic Bank Limited,2021-07-05,44
9346,Basic Bank Limited,2023-09-19,8393
8752,Basic Bank Limited,2021-03-25,114
9432,Basic Bank Limited,2023-12-24,14168
8803,Basic Bank Limited,2021-05-15,14
8838,Basic Bank Limited,2021-06-20,79
9002,Basic Bank Limited,2021-12-01,75
9167,Basic Bank Limited,2022-07-05,65
8834,Basic Bank Limited,2021-06-16,57
