,company_name,dc_date,dc_daily_count
8732,Basic Bank Limited,2019-01-16,1
8733,Basic Bank Limited,2019-05-02,1
8734,Basic Bank Limited,2020-09-16,2
8735,Basic Bank Limited,2020-10-22,5
8736,Basic Bank Limited,2020-10-25,2
8737,Basic Bank Limited,2020-10-27,1
8738,Basic Bank Limited,2021-01-10,10
8739,Basic Bank Limited,2021-01-14,1
8740,Basic Bank Limited,2021-02-04,3
8741,Basic Bank Limited,2021-02-15,4
8742,Basic Bank Limited,2021-02-17,8
8743,Basic Bank Limited,2021-02-18,1
8744,Basic Bank Limited,2021-02-22,7
8745,Basic Bank Limited,2021-02-23,2
8746,Basic Bank Limited,2021-03-04,3
8747,Basic Bank Limited,2021-03-07,4
8748,Basic Bank Limited,2021-03-15,3
8749,Basic Bank Limited,2021-03-21,2
8750,Basic Bank Limited,2021-03-22,1
8751,Basic Bank Limited,2021-03-24,2
8752,Basic Bank Limited,2021-03-25,114
8753,Basic Bank Limited,2021-03-26,42
8754,Basic Bank Limited,2021-03-27,20
8755,Basic Bank Limited,2021-03-28,133
8756,Basic Bank Limited,2021-03-29,39
8757,Basic Bank Limited,2021-03-30,9
8758,Basic Bank Limited,2021-03-31,51
8759,Basic Bank Limited,2021-04-01,19
8760,Basic Bank Limited,2021-04-02,3
8761,Basic Bank Limited,2021-04-03,8
8762,Basic Bank Limited,2021-04-04,35
8763,Basic Bank Limited,2021-04-05,21
8764,Basic Bank Limited,2021-04-06,29
8765,Basic Bank Limited,2021-04-07,34
8766,Basic Bank Limited,2021-04-08,27
8767,Basic Bank Limited,2021-04-09,5
8768,Basic Bank Limited,2021-04-10,9
8769,Basic Bank Limited,2021-04-11,28
8770,Basic Bank Limited,2021-04-12,35
8771,Basic Bank Limited,2021-04-13,162
8772,Basic Bank Limited,2021-04-14,105
8773,Basic Bank Limited,2021-04-15,105
8774,Basic Bank Limited,2021-04-16,32
8775,Basic Bank Limited,2021-04-17,34
8776,Basic Bank Limited,2021-04-18,38
8777,Basic Bank Limited,2021-04-19,44
8778,Basic Bank Limited,2021-04-20,49
8779,Basic Bank Limited,2021-04-21,20
8780,Basic Bank Limited,2021-04-22,26
8781,Basic Bank Limited,2021-04-23,43
8782,Basic Bank Limited,2021-04-24,16
8783,Basic Bank Limited,2021-04-25,69
8784,Basic Bank Limited,2021-04-26,67
8785,Basic Bank Limited,2021-04-27,40
8786,Basic Bank Limited,2021-04-28,32
8787,Basic Bank Limited,2021-04-29,41
8788,Basic Bank Limited,2021-04-30,24
8789,Basic Bank Limited,2021-05-01,18
8790,Basic Bank Limited,2021-05-02,35
8791,Basic Bank Limited,2021-05-03,40
8792,Basic Bank Limited,2021-05-04,62
8793,Basic Bank Limited,2021-05-05,74
8794,Basic Bank Limited,2021-05-06,62
8795,Basic Bank Limited,2021-05-07,13
8796,Basic Bank Limited,2021-05-08,20
8797,Basic Bank Limited,2021-05-09,56
8798,Basic Bank Limited,2021-05-10,23
8799,Basic Bank Limited,2021-05-11,37
8800,Basic Bank Limited,2021-05-12,38
8801,Basic Bank Limited,2021-05-13,18
8802,Basic Bank Limited,2021-05-14,12
8803,Basic Bank Limited,2021-05-15,14
8804,Basic Bank Limited,2021-05-16,48
8805,Basic Bank Limited,2021-05-17,39
8806,Basic Bank Limited,2021-05-18,40
8807,Basic Bank Limited,2021-05-19,37
8808,Basic Bank Limited,2021-05-20,59
8809,Basic Bank Limited,2021-05-21,18
8810,Basic Bank Limited,2021-05-22,10
8811,Basic Bank Limited,2021-05-23,31
8812,Basic Bank Limited,2021-05-24,70
8813,Basic Bank Limited,2021-05-25,64
8814,Basic Bank Limited,2021-05-26,24
8815,Basic Bank Limited,2021-05-27,30
8816,Basic Bank Limited,2021-05-28,9
8817,Basic Bank Limited,2021-05-29,12
8818,Basic Bank Limited,2021-05-30,48
8819,Basic Bank Limited,2021-05-31,58
8820,Basic Bank Limited,2021-06-01,48
8821,Basic Bank Limited,2021-06-02,55
8822,Basic Bank Limited,2021-06-03,58
8823,Basic Bank Limited,2021-06-04,7
8824,Basic Bank Limited,2021-06-05,9
8825,Basic Bank Limited,2021-06-06,64
8826,Basic Bank Limited,2021-06-07,64
8827,Basic Bank Limited,2021-06-08,59
8828,Basic Bank Limited,2021-06-09,63
8829,Basic Bank Limited,2021-06-10,56
8830,Basic Bank Limited,2021-06-11,2
8831,Basic Bank Limited,2021-06-13,82
8832,Basic Bank Limited,2021-06-14,59
8833,Basic Bank Limited,2021-06-15,72
8834,Basic Bank Limited,2021-06-16,57
8835,Basic Bank Limited,2021-06-17,53
8836,Basic Bank Limited,2021-06-18,9
8837,Basic Bank Limited,2021-06-19,19
8838,Basic Bank Limited,2021-06-20,79
8839,Basic Bank Limited,2021-06-21,69
8840,Basic Bank Limited,2021-06-22,58
8841,Basic Bank Limited,2021-06-23,52
8842,Basic Bank Limited,2021-06-24,76
8843,Basic Bank Limited,2021-06-25,22
8844,Basic Bank Limited,2021-06-26,10
8845,Basic Bank Limited,2021-06-27,78
8846,Basic Bank Limited,2021-06-28,67
8847,Basic Bank Limited,2021-06-29,47
8848,Basic Bank Limited,2021-06-30,67
8849,Basic Bank Limited,2021-07-01,35
8850,Basic Bank Limited,2021-07-02,63
8851,Basic Bank Limited,2021-07-03,14
8852,Basic Bank Limited,2021-07-04,21
8853,Basic Bank Limited,2021-07-05,44
8854,Basic Bank Limited,2021-07-06,60
8855,Basic Bank Limited,2021-07-07,52
8856,Basic Bank Limited,2021-07-08,41
8857,Basic Bank Limited,2021-07-09,14
8858,Basic Bank Limited,2021-07-10,15
8859,Basic Bank Limited,2021-07-11,27
8860,Basic Bank Limited,2021-07-12,36
8861,Basic Bank Limited,2021-07-13,58
8862,Basic Bank Limited,2021-07-14,119
8863,Basic Bank Limited,2021-07-15,160
8864,Basic Bank Limited,2021-07-16,12
8865,Basic Bank Limited,2021-07-17,19
8866,Basic Bank Limited,2021-07-18,67
8867,Basic Bank Limited,2021-07-19,44
8868,Basic Bank Limited,2021-07-20,7
8869,Basic Bank Limited,2021-07-21,3
8870,Basic Bank Limited,2021-07-22,6
8871,Basic Bank Limited,2021-07-23,8
8872,Basic Bank Limited,2021-07-24,13
8873,Basic Bank Limited,2021-07-25,63
8874,Basic Bank Limited,2021-07-26,92
8875,Basic Bank Limited,2021-07-27,71
8876,Basic Bank Limited,2021-07-28,44
8877,Basic Bank Limited,2021-07-29,39
8878,Basic Bank Limited,2021-07-30,12
8879,Basic Bank Limited,2021-07-31,23
8880,Basic Bank Limited,2021-08-01,18
8881,Basic Bank Limited,2021-08-02,49
8882,Basic Bank Limited,2021-08-03,55
8883,Basic Bank Limited,2021-08-04,14
8884,Basic Bank Limited,2021-08-05,66
8885,Basic Bank Limited,2021-08-06,10
8886,Basic Bank Limited,2021-08-07,9
8887,Basic Bank Limited,2021-08-08,12
8888,Basic Bank Limited,2021-08-09,53
8889,Basic Bank Limited,2021-08-10,75
8890,Basic Bank Limited,2021-08-11,59
8891,Basic Bank Limited,2021-08-12,69
8892,Basic Bank Limited,2021-08-13,17
8893,Basic Bank Limited,2021-08-14,11
8894,Basic Bank Limited,2021-08-15,9
8895,Basic Bank Limited,2021-08-16,70
8896,Basic Bank Limited,2021-08-17,79
8897,Basic Bank Limited,2021-08-18,56
8898,Basic Bank Limited,2021-08-19,44
8899,Basic Bank Limited,2021-08-20,11
8900,Basic Bank Limited,2021-08-21,18
8901,Basic Bank Limited,2021-08-22,73
8902,Basic Bank Limited,2021-08-23,61
8903,Basic Bank Limited,2021-08-24,107
8904,Basic Bank Limited,2021-08-25,91
8905,Basic Bank Limited,2021-08-26,143
8906,Basic Bank Limited,2021-08-27,17
8907,Basic Bank Limited,2021-08-28,23
8908,Basic Bank Limited,2021-08-29,45
8909,Basic Bank Limited,2021-08-30,21
8910,Basic Bank Limited,2021-08-31,69
8911,Basic Bank Limited,2021-09-01,54
8912,Basic Bank Limited,2021-09-02,65
8913,Basic Bank Limited,2021-09-03,2
8914,Basic Bank Limited,2021-09-04,7
8915,Basic Bank Limited,2021-09-05,54
8916,Basic Bank Limited,2021-09-06,56
8917,Basic Bank Limited,2021-09-07,88
8918,Basic Bank Limited,2021-09-08,62
8919,Basic Bank Limited,2021-09-09,49
8920,Basic Bank Limited,2021-09-10,14
8921,Basic Bank Limited,2021-09-11,14
8922,Basic Bank Limited,2021-09-12,63
8923,Basic Bank Limited,2021-09-13,64
8924,Basic Bank Limited,2021-09-14,84
8925,Basic Bank Limited,2021-09-15,145
8926,Basic Bank Limited,2021-09-16,121
8927,Basic Bank Limited,2021-09-17,13
8928,Basic Bank Limited,2021-09-18,20
8929,Basic Bank Limited,2021-09-19,115
8930,Basic Bank Limited,2021-09-20,145
8931,Basic Bank Limited,2021-09-21,198
8932,Basic Bank Limited,2021-09-22,234
8933,Basic Bank Limited,2021-09-23,181
8934,Basic Bank Limited,2021-09-24,11
8935,Basic Bank Limited,2021-09-25,13
8936,Basic Bank Limited,2021-09-26,240
8937,Basic Bank Limited,2021-09-27,322
8938,Basic Bank Limited,2021-09-28,337
8939,Basic Bank Limited,2021-09-29,296
8940,Basic Bank Limited,2021-09-30,246
8941,Basic Bank Limited,2021-10-01,26
8942,Basic Bank Limited,2021-10-02,16
8943,Basic Bank Limited,2021-10-03,69
8944,Basic Bank Limited,2021-10-04,74
8945,Basic Bank Limited,2021-10-05,76
8946,Basic Bank Limited,2021-10-06,56
8947,Basic Bank Limited,2021-10-07,58
8948,Basic Bank Limited,2021-10-08,8
8949,Basic Bank Limited,2021-10-09,9
8950,Basic Bank Limited,2021-10-10,57
8951,Basic Bank Limited,2021-10-11,59
8952,Basic Bank Limited,2021-10-12,81
8953,Basic Bank Limited,2021-10-13,45
8954,Basic Bank Limited,2021-10-14,62
8955,Basic Bank Limited,2021-10-15,9
8956,Basic Bank Limited,2021-10-16,12
8957,Basic Bank Limited,2021-10-17,66
8958,Basic Bank Limited,2021-10-18,52
8959,Basic Bank Limited,2021-10-19,134
8960,Basic Bank Limited,2021-10-20,6
8961,Basic Bank Limited,2021-10-21,50
8962,Basic Bank Limited,2021-10-22,8
8963,Basic Bank Limited,2021-10-23,11
8964,Basic Bank Limited,2021-10-24,45
8965,Basic Bank Limited,2021-10-25,56
8966,Basic Bank Limited,2021-10-26,59
8967,Basic Bank Limited,2021-10-27,84
8968,Basic Bank Limited,2021-10-28,48
8969,Basic Bank Limited,2021-10-29,10
8970,Basic Bank Limited,2021-10-30,17
8971,Basic Bank Limited,2021-10-31,64
8972,Basic Bank Limited,2021-11-01,34
8973,Basic Bank Limited,2021-11-02,48
8974,Basic Bank Limited,2021-11-03,33
8975,Basic Bank Limited,2021-11-04,50
8976,Basic Bank Limited,2021-11-05,8
8977,Basic Bank Limited,2021-11-06,7
8978,Basic Bank Limited,2021-11-07,25
8979,Basic Bank Limited,2021-11-08,60
8980,Basic Bank Limited,2021-11-09,46
8981,Basic Bank Limited,2021-11-10,69
8982,Basic Bank Limited,2021-11-11,54
8983,Basic Bank Limited,2021-11-12,5
8984,Basic Bank Limited,2021-11-13,11
8985,Basic Bank Limited,2021-11-14,44
8986,Basic Bank Limited,2021-11-15,46
8987,Basic Bank Limited,2021-11-16,50
8988,Basic Bank Limited,2021-11-17,54
8989,Basic Bank Limited,2021-11-18,57
8990,Basic Bank Limited,2021-11-19,5
8991,Basic Bank Limited,2021-11-20,13
8992,Basic Bank Limited,2021-11-21,59
8993,Basic Bank Limited,2021-11-22,63
8994,Basic Bank Limited,2021-11-23,45
8995,Basic Bank Limited,2021-11-24,112
8996,Basic Bank Limited,2021-11-25,97
8997,Basic Bank Limited,2021-11-26,11
8998,Basic Bank Limited,2021-11-27,22
8999,Basic Bank Limited,2021-11-28,78
9000,Basic Bank Limited,2021-11-29,73
9001,Basic Bank Limited,2021-11-30,87
9002,Basic Bank Limited,2021-12-01,75
9003,Basic Bank Limited,2021-12-02,43
9004,Basic Bank Limited,2021-12-03,12
9005,Basic Bank Limited,2021-12-04,12
9006,Basic Bank Limited,2021-12-05,60
9007,Basic Bank Limited,2021-12-06,44
9008,Basic Bank Limited,2021-12-07,52
9009,Basic Bank Limited,2021-12-08,52
9010,Basic Bank Limited,2021-12-09,58
9011,Basic Bank Limited,2021-12-10,24
9012,Basic Bank Limited,2021-12-11,15
9013,Basic Bank Limited,2021-12-12,68
9014,Basic Bank Limited,2021-12-13,77
9015,Basic Bank Limited,2021-12-14,66
9016,Basic Bank Limited,2021-12-15,62
9017,Basic Bank Limited,2021-12-16,8
9018,Basic Bank Limited,2021-12-17,11
9019,Basic Bank Limited,2021-12-18,12
9020,Basic Bank Limited,2021-12-19,21
9021,Basic Bank Limited,2021-12-20,72
9022,Basic Bank Limited,2021-12-21,74
9023,Basic Bank Limited,2021-12-22,70
9024,Basic Bank Limited,2021-12-23,67
9025,Basic Bank Limited,2021-12-24,12
9026,Basic Bank Limited,2021-12-25,18
9027,Basic Bank Limited,2021-12-26,53
9028,Basic Bank Limited,2021-12-27,43
9029,Basic Bank Limited,2021-12-28,41
9030,Basic Bank Limited,2021-12-29,49
9031,Basic Bank Limited,2021-12-30,69
9032,Basic Bank Limited,2021-12-31,27
9033,Basic Bank Limited,2022-01-01,86
9034,Basic Bank Limited,2022-01-02,66
9035,Basic Bank Limited,2022-01-03,72
9036,Basic Bank Limited,2022-01-04,65
9037,Basic Bank Limited,2022-01-05,38
9038,Basic Bank Limited,2022-01-06,77
9039,Basic Bank Limited,2022-01-07,8
9040,Basic Bank Limited,2022-01-08,13
9041,Basic Bank Limited,2022-01-09,57
9042,Basic Bank Limited,2022-01-10,66
9043,Basic Bank Limited,2022-01-11,68
9044,Basic Bank Limited,2022-01-12,56
9045,Basic Bank Limited,2022-01-13,70
9046,Basic Bank Limited,2022-01-14,19
9047,Basic Bank Limited,2022-01-15,12
9048,Basic Bank Limited,2022-01-16,44
9049,Basic Bank Limited,2022-01-17,42
9050,Basic Bank Limited,2022-01-18,43
9051,Basic Bank Limited,2022-01-19,61
9052,Basic Bank Limited,2022-01-20,65
9053,Basic Bank Limited,2022-01-21,5
9054,Basic Bank Limited,2022-01-22,7
9055,Basic Bank Limited,2022-01-23,45
9056,Basic Bank Limited,2022-01-24,43
9057,Basic Bank Limited,2022-01-25,70
9058,Basic Bank Limited,2022-01-26,81
9059,Basic Bank Limited,2022-01-27,54
9060,Basic Bank Limited,2022-01-28,3
9061,Basic Bank Limited,2022-01-29,15
9062,Basic Bank Limited,2022-01-30,58
9063,Basic Bank Limited,2022-01-31,68
9064,Basic Bank Limited,2022-02-01,38
9065,Basic Bank Limited,2022-02-02,58
9066,Basic Bank Limited,2022-02-03,23
9067,Basic Bank Limited,2022-02-06,18
9068,Basic Bank Limited,2022-02-07,32
9069,Basic Bank Limited,2022-02-08,36
9070,Basic Bank Limited,2022-02-09,29
9071,Basic Bank Limited,2022-02-10,36
9072,Basic Bank Limited,2022-02-13,12
9073,Basic Bank Limited,2022-02-14,30
9074,Basic Bank Limited,2022-02-15,29
9075,Basic Bank Limited,2022-02-16,54
9076,Basic Bank Limited,2022-02-17,75
9077,Basic Bank Limited,2022-02-20,23
9078,Basic Bank Limited,2022-02-22,18
9079,Basic Bank Limited,2022-02-23,32
9080,Basic Bank Limited,2022-02-24,45
9081,Basic Bank Limited,2022-02-27,34
9082,Basic Bank Limited,2022-02-28,30
9083,Basic Bank Limited,2022-03-01,45
9084,Basic Bank Limited,2022-03-02,33
9085,Basic Bank Limited,2022-03-03,29
9086,Basic Bank Limited,2022-03-06,20
9087,Basic Bank Limited,2022-03-07,26
9088,Basic Bank Limited,2022-03-08,47
9089,Basic Bank Limited,2022-03-09,29
9090,Basic Bank Limited,2022-03-10,36
9091,Basic Bank Limited,2022-03-13,52
9092,Basic Bank Limited,2022-03-14,50
9093,Basic Bank Limited,2022-03-15,48
9094,Basic Bank Limited,2022-03-16,24
9095,Basic Bank Limited,2022-03-20,35
9096,Basic Bank Limited,2022-03-21,94
9097,Basic Bank Limited,2022-03-22,96
9098,Basic Bank Limited,2022-03-23,40
9099,Basic Bank Limited,2022-03-24,48
9100,Basic Bank Limited,2022-03-27,65
9101,Basic Bank Limited,2022-03-28,57
9102,Basic Bank Limited,2022-03-29,38
9103,Basic Bank Limited,2022-03-30,48
9104,Basic Bank Limited,2022-03-31,30
9105,Basic Bank Limited,2022-04-03,18
9106,Basic Bank Limited,2022-04-04,17
9107,Basic Bank Limited,2022-04-05,33
9108,Basic Bank Limited,2022-04-06,21
9109,Basic Bank Limited,2022-04-07,48
9110,Basic Bank Limited,2022-04-10,27
9111,Basic Bank Limited,2022-04-11,30
9112,Basic Bank Limited,2022-04-12,40
9113,Basic Bank Limited,2022-04-13,31
9114,Basic Bank Limited,2022-04-17,19
9115,Basic Bank Limited,2022-04-18,12
9116,Basic Bank Limited,2022-04-19,33
9117,Basic Bank Limited,2022-04-20,34
9118,Basic Bank Limited,2022-04-21,20
9119,Basic Bank Limited,2022-04-24,41
9120,Basic Bank Limited,2022-04-25,69
9121,Basic Bank Limited,2022-04-26,68
9122,Basic Bank Limited,2022-04-27,117
9123,Basic Bank Limited,2022-04-28,98
9124,Basic Bank Limited,2022-04-30,3
9125,Basic Bank Limited,2022-05-05,16
9126,Basic Bank Limited,2022-05-08,34
9127,Basic Bank Limited,2022-05-09,38
9128,Basic Bank Limited,2022-05-10,39
9129,Basic Bank Limited,2022-05-11,34
9130,Basic Bank Limited,2022-05-12,49
9131,Basic Bank Limited,2022-05-16,36
9132,Basic Bank Limited,2022-05-17,27
9133,Basic Bank Limited,2022-05-18,26
9134,Basic Bank Limited,2022-05-19,36
9135,Basic Bank Limited,2022-05-22,20
9136,Basic Bank Limited,2022-05-23,26
9137,Basic Bank Limited,2022-05-24,21
9138,Basic Bank Limited,2022-05-25,16
9139,Basic Bank Limited,2022-05-26,26
9140,Basic Bank Limited,2022-05-29,29
9141,Basic Bank Limited,2022-05-30,15
9142,Basic Bank Limited,2022-05-31,60
9143,Basic Bank Limited,2022-06-01,36
9144,Basic Bank Limited,2022-06-02,37
9145,Basic Bank Limited,2022-06-05,19
9146,Basic Bank Limited,2022-06-06,48
9147,Basic Bank Limited,2022-06-07,41
9148,Basic Bank Limited,2022-06-08,31
9149,Basic Bank Limited,2022-06-09,23
9150,Basic Bank Limited,2022-06-12,28
9151,Basic Bank Limited,2022-06-13,40
9152,Basic Bank Limited,2022-06-14,28
9153,Basic Bank Limited,2022-06-15,34
9154,Basic Bank Limited,2022-06-16,37
9155,Basic Bank Limited,2022-06-19,19
9156,Basic Bank Limited,2022-06-20,32
9157,Basic Bank Limited,2022-06-21,38
9158,Basic Bank Limited,2022-06-22,28
9159,Basic Bank Limited,2022-06-23,16
9160,Basic Bank Limited,2022-06-26,24
9161,Basic Bank Limited,2022-06-27,22
9162,Basic Bank Limited,2022-06-28,23
9163,Basic Bank Limited,2022-06-29,25
9164,Basic Bank Limited,2022-06-30,23
9165,Basic Bank Limited,2022-07-03,39
9166,Basic Bank Limited,2022-07-04,61
9167,Basic Bank Limited,2022-07-05,65
9168,Basic Bank Limited,2022-07-06,72
9169,Basic Bank Limited,2022-07-07,95
9170,Basic Bank Limited,2022-07-08,2
9171,Basic Bank Limited,2022-07-12,17
9172,Basic Bank Limited,2022-07-13,25
9173,Basic Bank Limited,2022-07-14,37
9174,Basic Bank Limited,2022-07-17,50
9175,Basic Bank Limited,2022-07-18,42
9176,Basic Bank Limited,2022-07-19,40
9177,Basic Bank Limited,2022-07-20,37
9178,Basic Bank Limited,2022-07-21,51
9179,Basic Bank Limited,2022-07-24,38
9180,Basic Bank Limited,2022-07-25,179
9181,Basic Bank Limited,2022-07-26,45
9182,Basic Bank Limited,2022-07-27,52
9183,Basic Bank Limited,2022-07-28,35
9184,Basic Bank Limited,2022-07-31,23
9185,Basic Bank Limited,2022-08-01,23
9186,Basic Bank Limited,2022-08-02,25
9187,Basic Bank Limited,2022-08-03,73
9188,Basic Bank Limited,2022-08-04,40
9189,Basic Bank Limited,2022-08-07,39
9190,Basic Bank Limited,2022-08-08,30
9191,Basic Bank Limited,2022-08-17,1
9192,Basic Bank Limited,2022-09-29,15
9193,Basic Bank Limited,2022-10-04,16
9194,Basic Bank Limited,2022-10-11,20
9195,Basic Bank Limited,2022-10-12,1
9196,Basic Bank Limited,2022-11-14,9
9197,Basic Bank Limited,2022-11-15,2
9198,Basic Bank Limited,2022-11-20,1
9199,Basic Bank Limited,2022-11-21,2
9200,Basic Bank Limited,2022-11-24,1
9201,Basic Bank Limited,2022-11-27,1
9202,Basic Bank Limited,2022-11-30,1
9203,Basic Bank Limited,2022-12-01,1
9204,Basic Bank Limited,2022-12-05,1
9205,Basic Bank Limited,2022-12-06,4
9206,Basic Bank Limited,2022-12-12,1
9207,Basic Bank Limited,2022-12-15,1
9208,Basic Bank Limited,2022-12-19,1
9209,Basic Bank Limited,2022-12-20,1
9210,Basic Bank Limited,2022-12-21,12
9211,Basic Bank Limited,2022-12-22,3
9212,Basic Bank Limited,2022-12-24,2
9213,Basic Bank Limited,2022-12-25,2
9214,Basic Bank Limited,2022-12-31,2
9215,Basic Bank Limited,2023-01-03,1
9216,Basic Bank Limited,2023-01-04,4
9217,Basic Bank Limited,2023-01-05,1
9218,Basic Bank Limited,2023-01-07,1
9219,Basic Bank Limited,2023-01-09,2
9220,Basic Bank Limited,2023-01-11,2
9221,Basic Bank Limited,2023-01-15,2
9222,Basic Bank Limited,2023-01-16,1
9223,Basic Bank Limited,2023-01-17,1
9224,Basic Bank Limited,2023-01-18,3
9225,Basic Bank Limited,2023-01-19,2
9226,Basic Bank Limited,2023-01-20,1
9227,Basic Bank Limited,2023-01-23,1
9228,Basic Bank Limited,2023-01-29,1
9229,Basic Bank Limited,2023-01-30,3
9230,Basic Bank Limited,2023-01-31,1
9231,Basic Bank Limited,2023-02-01,1
9232,Basic Bank Limited,2023-02-06,2
9233,Basic Bank Limited,2023-02-08,2
9234,Basic Bank Limited,2023-02-09,2
9235,Basic Bank Limited,2023-02-13,1
9236,Basic Bank Limited,2023-02-14,1
9237,Basic Bank Limited,2023-02-15,2
9238,Basic Bank Limited,2023-02-22,1
9239,Basic Bank Limited,2023-02-25,1
9240,Basic Bank Limited,2023-02-28,1
9241,Basic Bank Limited,2023-03-01,1
9242,Basic Bank Limited,2023-03-02,1
9243,Basic Bank Limited,2023-03-03,1
9244,Basic Bank Limited,2023-03-10,2
9245,Basic Bank Limited,2023-03-11,1
9246,Basic Bank Limited,2023-03-12,2
9247,Basic Bank Limited,2023-03-13,2
9248,Basic Bank Limited,2023-03-20,1
9249,Basic Bank Limited,2023-03-21,2
9250,Basic Bank Limited,2023-03-23,2
9251,Basic Bank Limited,2023-03-26,1
9252,Basic Bank Limited,2023-03-27,1
9253,Basic Bank Limited,2023-03-28,2
9254,Basic Bank Limited,2023-03-30,1
9255,Basic Bank Limited,2023-04-02,2
9256,Basic Bank Limited,2023-04-06,2
9257,Basic Bank Limited,2023-04-08,1
9258,Basic Bank Limited,2023-04-10,1
9259,Basic Bank Limited,2023-04-12,1
9260,Basic Bank Limited,2023-04-15,1
9261,Basic Bank Limited,2023-04-19,2
9262,Basic Bank Limited,2023-04-21,1
9263,Basic Bank Limited,2023-04-24,1
9264,Basic Bank Limited,2023-04-25,1
9265,Basic Bank Limited,2023-04-29,1
9266,Basic Bank Limited,2023-05-03,1
9267,Basic Bank Limited,2023-05-05,1
9268,Basic Bank Limited,2023-05-07,2
9269,Basic Bank Limited,2023-05-08,2
9270,Basic Bank Limited,2023-05-10,1
9271,Basic Bank Limited,2023-05-14,1
9272,Basic Bank Limited,2023-05-16,1
9273,Basic Bank Limited,2023-05-29,1
9274,Basic Bank Limited,2023-05-30,3
9275,Basic Bank Limited,2023-06-01,3
9276,Basic Bank Limited,2023-06-06,1
9277,Basic Bank Limited,2023-06-10,1
9278,Basic Bank Limited,2023-06-11,2
9279,Basic Bank Limited,2023-06-12,11
9280,Basic Bank Limited,2023-06-18,20
9281,Basic Bank Limited,2023-06-24,1
9282,Basic Bank Limited,2023-06-26,6901
9283,Basic Bank Limited,2023-06-28,1
9284,Basic Bank Limited,2023-06-30,1
9285,Basic Bank Limited,2023-07-02,1
9286,Basic Bank Limited,2023-07-03,2
9287,Basic Bank Limited,2023-07-09,1
9288,Basic Bank Limited,2023-07-15,1
9289,Basic Bank Limited,2023-07-18,97
9290,Basic Bank Limited,2023-07-19,8315
9291,Basic Bank Limited,2023-07-20,9606
9292,Basic Bank Limited,2023-07-22,5110
9293,Basic Bank Limited,2023-07-23,9846
9294,Basic Bank Limited,2023-07-24,9133
9295,Basic Bank Limited,2023-07-25,9742
9296,Basic Bank Limited,2023-07-27,13125
9297,Basic Bank Limited,2023-07-28,1158
9298,Basic Bank Limited,2023-07-29,279
9299,Basic Bank Limited,2023-07-30,10905
9300,Basic Bank Limited,2023-07-31,13065
9301,Basic Bank Limited,2023-08-01,11495
9302,Basic Bank Limited,2023-08-02,12131
9303,Basic Bank Limited,2023-08-03,10513
9304,Basic Bank Limited,2023-08-04,661
9305,Basic Bank Limited,2023-08-05,693
9306,Basic Bank Limited,2023-08-06,12004
9307,Basic Bank Limited,2023-08-07,12543
9308,Basic Bank Limited,2023-08-08,9398
9309,Basic Bank Limited,2023-08-09,9493
9310,Basic Bank Limited,2023-08-10,10924
9311,Basic Bank Limited,2023-08-11,5854
9312,Basic Bank Limited,2023-08-12,884
9313,Basic Bank Limited,2023-08-13,6770
9314,Basic Bank Limited,2023-08-14,11190
9315,Basic Bank Limited,2023-08-15,1316
9316,Basic Bank Limited,2023-08-16,14197
9317,Basic Bank Limited,2023-08-17,10557
9318,Basic Bank Limited,2023-08-18,846
9319,Basic Bank Limited,2023-08-19,624
9320,Basic Bank Limited,2023-08-20,11570
9321,Basic Bank Limited,2023-08-21,14546
9322,Basic Bank Limited,2023-08-22,8005
9323,Basic Bank Limited,2023-08-23,5877
9324,Basic Bank Limited,2023-08-24,10571
9325,Basic Bank Limited,2023-08-25,1273
9326,Basic Bank Limited,2023-08-26,6116
9327,Basic Bank Limited,2023-08-28,13163
9328,Basic Bank Limited,2023-08-29,9022
9329,Basic Bank Limited,2023-08-30,10448
9330,Basic Bank Limited,2023-08-31,11048
9331,Basic Bank Limited,2023-09-02,180
9332,Basic Bank Limited,2023-09-04,12845
9333,Basic Bank Limited,2023-09-05,10626
9334,Basic Bank Limited,2023-09-06,2376
9335,Basic Bank Limited,2023-09-07,13651
9336,Basic Bank Limited,2023-09-08,753
9337,Basic Bank Limited,2023-09-09,673
9338,Basic Bank Limited,2023-09-10,15183
9339,Basic Bank Limited,2023-09-12,9761
9340,Basic Bank Limited,2023-09-13,9553
9341,Basic Bank Limited,2023-09-14,10218
9342,Basic Bank Limited,2023-09-15,1242
9343,Basic Bank Limited,2023-09-16,4159
9344,Basic Bank Limited,2023-09-17,11188
9345,Basic Bank Limited,2023-09-18,10710
9346,Basic Bank Limited,2023-09-19,8393
9347,Basic Bank Limited,2023-09-20,8741
9348,Basic Bank Limited,2023-09-21,10511
9349,Basic Bank Limited,2023-09-22,384
9350,Basic Bank Limited,2023-09-23,415
9351,Basic Bank Limited,2023-09-24,9891
9352,Basic Bank Limited,2023-09-26,10182
9353,Basic Bank Limited,2023-09-27,34
9354,Basic Bank Limited,2023-10-01,68
9355,Basic Bank Limited,2023-10-02,55
9356,Basic Bank Limited,2023-10-03,84
9357,Basic Bank Limited,2023-10-04,1646
9358,Basic Bank Limited,2023-10-05,1482
9359,Basic Bank Limited,2023-10-06,600
9360,Basic Bank Limited,2023-10-07,674
9361,Basic Bank Limited,2023-10-08,1493
9362,Basic Bank Limited,2023-10-09,5090
9363,Basic Bank Limited,2023-10-10,12252
9364,Basic Bank Limited,2023-10-12,12408
9365,Basic Bank Limited,2023-10-13,1648
9366,Basic Bank Limited,2023-10-14,1332
9367,Basic Bank Limited,2023-10-15,12570
9368,Basic Bank Limited,2023-10-16,15646
9369,Basic Bank Limited,2023-10-17,10826
9370,Basic Bank Limited,2023-10-18,10290
9371,Basic Bank Limited,2023-10-19,11247
9372,Basic Bank Limited,2023-10-20,1535
9373,Basic Bank Limited,2023-10-21,5388
9374,Basic Bank Limited,2023-10-22,11141
9375,Basic Bank Limited,2023-10-23,7559
9376,Basic Bank Limited,2023-10-24,1463
9377,Basic Bank Limited,2023-10-27,2642
9378,Basic Bank Limited,2023-10-28,1546
9379,Basic Bank Limited,2023-10-29,11839
9380,Basic Bank Limited,2023-10-30,12600
9381,Basic Bank Limited,2023-10-31,13225
9382,Basic Bank Limited,2023-11-02,14694
9383,Basic Bank Limited,2023-11-03,681
9384,Basic Bank Limited,2023-11-04,720
9385,Basic Bank Limited,2023-11-05,11444
9386,Basic Bank Limited,2023-11-06,15576
9387,Basic Bank Limited,2023-11-07,12461
9388,Basic Bank Limited,2023-11-08,12846
9389,Basic Bank Limited,2023-11-09,12438
9390,Basic Bank Limited,2023-11-10,1583
9391,Basic Bank Limited,2023-11-11,5106
9392,Basic Bank Limited,2023-11-12,15038
9393,Basic Bank Limited,2023-11-13,12989
9394,Basic Bank Limited,2023-11-14,10550
9395,Basic Bank Limited,2023-11-15,10569
9396,Basic Bank Limited,2023-11-16,15285
9397,Basic Bank Limited,2023-11-17,1679
9398,Basic Bank Limited,2023-11-18,1434
9399,Basic Bank Limited,2023-11-19,11479
9400,Basic Bank Limited,2023-11-20,11967
9401,Basic Bank Limited,2023-11-21,14249
9402,Basic Bank Limited,2023-11-22,9702
9403,Basic Bank Limited,2023-11-23,1419
9404,Basic Bank Limited,2023-11-24,531
9405,Basic Bank Limited,2023-11-25,577
9406,Basic Bank Limited,2023-11-26,14996
9407,Basic Bank Limited,2023-11-27,13647
9408,Basic Bank Limited,2023-11-28,12639
9409,Basic Bank Limited,2023-11-29,12239
9410,Basic Bank Limited,2023-11-30,15269
9411,Basic Bank Limited,2023-12-01,5159
9412,Basic Bank Limited,2023-12-02,3679
9413,Basic Bank Limited,2023-12-03,14640
9414,Basic Bank Limited,2023-12-04,14853
9415,Basic Bank Limited,2023-12-05,12312
9416,Basic Bank Limited,2023-12-06,14236
9417,Basic Bank Limited,2023-12-07,12530
9418,Basic Bank Limited,2023-12-08,1528
9419,Basic Bank Limited,2023-12-09,1488
9420,Basic Bank Limited,2023-12-10,14756
9421,Basic Bank Limited,2023-12-12,12342
9422,Basic Bank Limited,2023-12-13,10658
9423,Basic Bank Limited,2023-12-14,7850
9424,Basic Bank Limited,2023-12-15,1225
9425,Basic Bank Limited,2023-12-16,8825
9426,Basic Bank Limited,2023-12-17,11931
9427,Basic Bank Limited,2023-12-18,11901
9428,Basic Bank Limited,2023-12-19,10144
9429,Basic Bank Limited,2023-12-20,15257
9430,Basic Bank Limited,2023-12-22,1268
9431,Basic Bank Limited,2023-12-23,1493
9432,Basic Bank Limited,2023-12-24,14168
9433,Basic Bank Limited,2023-12-25,2285
9434,Basic Bank Limited,2023-12-29,1154
9435,Basic Bank Limited,2024-01-01,14537
9436,Basic Bank Limited,2024-01-02,15230
9437,Basic Bank Limited,2024-01-03,13487
9438,Basic Bank Limited,2024-01-05,1621
9439,Basic Bank Limited,2024-01-06,3078
9440,Basic Bank Limited,2024-01-07,1141
9441,Basic Bank Limited,2024-01-08,11955
9442,Basic Bank Limited,2024-01-09,14339
9443,Basic Bank Limited,2024-01-10,12921
9444,Basic Bank Limited,2024-01-12,2027
9445,Basic Bank Limited,2024-01-13,2074
9446,Basic Bank Limited,2024-01-14,12735
9447,Basic Bank Limited,2024-01-15,13633
9448,Basic Bank Limited,2024-01-16,13975
9449,Basic Bank Limited,2024-01-17,10918
9450,Basic Bank Limited,2024-01-18,11434
9451,Basic Bank Limited,2024-01-19,1524
9452,Basic Bank Limited,2024-01-20,1807
9453,Basic Bank Limited,2024-01-22,11694
9454,Basic Bank Limited,2024-01-23,10134
9455,Basic Bank Limited,2024-01-24,9810
9456,Basic Bank Limited,2024-01-26,7784
9457,Basic Bank Limited,2024-01-27,2736
9458,Basic Bank Limited,2024-01-28,13525
9459,Basic Bank Limited,2024-01-29,10206
9460,Basic Bank Limited,2024-01-30,8345
9461,Basic Bank Limited,2024-01-31,13732
9462,Basic Bank Limited,2024-02-02,4084
9463,Basic Bank Limited,2024-02-03,1969
9464,Basic Bank Limited,2024-02-04,14369
9465,Basic Bank Limited,2024-02-05,14772
9466,Basic Bank Limited,2024-02-06,13594
9467,Basic Bank Limited,2024-02-07,12819
9468,Basic Bank Limited,2024-02-08,13338
9469,Basic Bank Limited,2024-02-09,1809
9470,Basic Bank Limited,2024-02-10,2135
9471,Basic Bank Limited,2024-02-12,13246
9472,Basic Bank Limited,2024-02-13,12056
9473,Basic Bank Limited,2024-02-14,10885
9474,Basic Bank Limited,2024-02-15,13325
9475,Basic Bank Limited,2024-02-16,5176
9476,Basic Bank Limited,2024-02-17,1768
9477,Basic Bank Limited,2024-02-18,12816
9478,Basic Bank Limited,2024-02-19,12304
9479,Basic Bank Limited,2024-02-20,11670
9480,Basic Bank Limited,2024-02-21,5614
9481,Basic Bank Limited,2024-02-22,12406
9482,Basic Bank Limited,2024-02-23,1751
9483,Basic Bank Limited,2024-02-24,1689
9484,Basic Bank Limited,2024-02-26,8370
9485,Basic Bank Limited,2024-02-28,13681
9486,Basic Bank Limited,2024-03-01,4010
9487,Basic Bank Limited,2024-03-02,3960
9488,Basic Bank Limited,2024-03-04,14627
9489,Basic Bank Limited,2024-03-05,11558
9490,Basic Bank Limited,2024-03-06,15066
9491,Basic Bank Limited,2024-03-08,1884
9492,Basic Bank Limited,2024-03-09,1624
9493,Basic Bank Limited,2024-03-12,11930
9494,Basic Bank Limited,2024-03-13,11771
9495,Basic Bank Limited,2024-03-14,13308
9496,Basic Bank Limited,2024-03-15,2382
9497,Basic Bank Limited,2024-03-16,5111
9498,Basic Bank Limited,2024-03-17,1844
9499,Basic Bank Limited,2024-03-18,15026
9500,Basic Bank Limited,2024-03-19,13554
9501,Basic Bank Limited,2024-03-20,11865
9502,Basic Bank Limited,2024-03-22,1350
9503,Basic Bank Limited,2024-03-23,2196
9504,Basic Bank Limited,2024-03-26,8391
9505,Basic Bank Limited,2024-03-29,1949
9506,Basic Bank Limited,2024-03-30,1402
9507,Basic Bank Limited,2024-04-05,4328
9508,Basic Bank Limited,2024-04-06,4401
9509,Basic Bank Limited,2024-04-07,2768
9510,Basic Bank Limited,2024-04-09,13979
9511,Basic Bank Limited,2024-04-10,2711
9512,Basic Bank Limited,2024-04-11,5767
9513,Basic Bank Limited,2024-04-12,1723
9514,Basic Bank Limited,2024-04-13,1757
9515,Basic Bank Limited,2024-04-14,1481
9516,Basic Bank Limited,2024-04-15,12265
9517,Basic Bank Limited,2024-04-16,13858
9518,Basic Bank Limited,2024-04-17,10016
9519,Basic Bank Limited,2024-04-18,11137
9520,Basic Bank Limited,2024-04-19,1506
9521,Basic Bank Limited,2024-04-20,1901
9522,Basic Bank Limited,2024-04-22,11953
9523,Basic Bank Limited,2024-04-23,9970
9524,Basic Bank Limited,2024-04-24,9697
9525,Basic Bank Limited,2024-04-26,7600
9526,Basic Bank Limited,2024-04-27,2802
9527,Basic Bank Limited,2024-04-28,14538
9528,Basic Bank Limited,2024-04-29,13265
9529,Basic Bank Limited,2024-04-30,13596
9530,Basic Bank Limited,2024-05-01,3993
9531,Basic Bank Limited,2024-05-03,2148
9532,Basic Bank Limited,2024-05-04,1877
9533,Basic Bank Limited,2024-05-06,13809
9534,Basic Bank Limited,2024-05-07,11859
9535,Basic Bank Limited,2024-05-08,10085
9536,Basic Bank Limited,2024-05-09,12524
9537,Basic Bank Limited,2024-05-10,2005
9538,Basic Bank Limited,2024-05-11,5818
9539,Basic Bank Limited,2024-05-12,15462
9540,Basic Bank Limited,2024-05-13,12467
9541,Basic Bank Limited,2024-05-14,10978
9542,Basic Bank Limited,2024-05-15,10898
9543,Basic Bank Limited,2024-05-16,14435
9544,Basic Bank Limited,2024-05-17,1860
9545,Basic Bank Limited,2024-05-18,1634
9546,Basic Bank Limited,2024-05-19,13242
9547,Basic Bank Limited,2024-05-20,10718
9548,Basic Bank Limited,2024-05-21,12721
9549,Basic Bank Limited,2024-05-22,1879
9550,Basic Bank Limited,2024-05-23,14783
9551,Basic Bank Limited,2024-05-24,1692
9552,Basic Bank Limited,2024-05-25,2303
9553,Basic Bank Limited,2024-05-27,10448
9554,Basic Bank Limited,2024-05-28,9846
9555,Basic Bank Limited,2024-05-29,14894
9556,Basic Bank Limited,2024-05-31,3590
9557,Basic Bank Limited,2024-06-01,1701
9558,Basic Bank Limited,2024-06-03,14134
9559,Basic Bank Limited,2024-06-04,12822
9560,Basic Bank Limited,2024-06-05,12711
9561,Basic Bank Limited,2024-06-07,1964
9562,Basic Bank Limited,2024-06-08,2031
9563,Basic Bank Limited,2024-06-10,15238
9564,Basic Bank Limited,2024-06-14,2250
9565,Basic Bank Limited,2024-06-15,2728
9566,Basic Bank Limited,2024-06-16,5178
9567,Basic Bank Limited,2024-06-17,1294
9568,Basic Bank Limited,2024-06-18,1367
9569,Basic Bank Limited,2024-06-19,8957
9570,Basic Bank Limited,2024-06-20,8861
9571,Basic Bank Limited,2024-06-21,5360
9572,Basic Bank Limited,2024-06-22,1617
9573,Basic Bank Limited,2024-06-23,14751
9574,Basic Bank Limited,2024-06-24,15117
9575,Basic Bank Limited,2024-06-28,1669
9576,Basic Bank Limited,2024-06-29,1770
9577,Basic Bank Limited,2024-07-01,543
9578,Basic Bank Limited,2024-07-04,15421
9579,Basic Bank Limited,2024-07-05,2210
9580,Basic Bank Limited,2024-07-06,3283
9581,Basic Bank Limited,2024-07-08,11472
9582,Basic Bank Limited,2024-07-09,10791
9583,Basic Bank Limited,2024-07-10,13117
9584,Basic Bank Limited,2024-07-12,2050
9585,Basic Bank Limited,2024-07-13,2106
9586,Basic Bank Limited,2024-07-14,1991
